{
  "E05013792": {
    "name": "Abbey Road",
    "coords": [
      [
        -0.175765524440825,
        51.5396167232221
      ],
      [
        -0.173476990559195,
        51.5376463903178
      ],
      [
        -0.176089126900714,
        51.5360135082354
      ],
      [
        -0.168957647843202,
        51.5301219953185
      ],
      [
        -0.171924031660546,
        51.5264239656985
      ],
      [
        -0.176823326577593,
        51.5246262289913
      ],
      [
        -0.181358550027571,
        51.5283880816246
      ],
      [
        -0.188722649361543,
        51.5345305083697
      ],
      [
        -0.178343045457858,
        51.5398080687385
      ],
      [
        -0.175765524440825,
        51.5396167232221
      ]
    ],
    "centroid_lng": -0.1788,
    "centroid_lat": 51.53316
  },
  "E05013793": {
    "name": "Bayswater",
    "coords": [
      [
        -0.184884064838934,
        51.5195336601891
      ],
      [
        -0.183302290419388,
        51.5184052792253
      ],
      [
        -0.189647806089451,
        51.515228958826
      ],
      [
        -0.189079662133421,
        51.5101238446144
      ],
      [
        -0.192123026589169,
        51.5098777386719
      ],
      [
        -0.195052992094996,
        51.5150401067145
      ],
      [
        -0.199171143961617,
        51.5145409773787
      ],
      [
        -0.199907498009142,
        51.5168401945293
      ],
      [
        -0.195160440633535,
        51.5205393509948
      ],
      [
        -0.184884064838934,
        51.5195336601891
      ]
    ],
    "centroid_lng": -0.19108,
    "centroid_lat": 51.51483
  },
  "E05013794": {
    "name": "Church Street",
    "coords": [
      [
        -0.164319824053261,
        51.5209187222105
      ],
      [
        -0.165340638328598,
        51.5207664536275
      ],
      [
        -0.170164951316413,
        51.5199470557443
      ],
      [
        -0.176823326577593,
        51.5246262289913
      ],
      [
        -0.171924031660546,
        51.5264239656985
      ],
      [
        -0.167333434098311,
        51.5282871774623
      ],
      [
        -0.164319824053261,
        51.5209187222105
      ]
    ],
    "centroid_lng": -0.17046,
    "centroid_lat": 51.52341
  },
  "E05013795": {
    "name": "Harrow Road",
    "coords": [
      [
        -0.197339740607098,
        51.5278926212151
      ],
      [
        -0.19744620560205,
        51.5252450051194
      ],
      [
        -0.190296143756536,
        51.5249220431994
      ],
      [
        -0.189822099224315,
        51.5246966257329
      ],
      [
        -0.201625846701851,
        51.5227421489335
      ],
      [
        -0.207297353929911,
        51.5262345157409
      ],
      [
        -0.201403080625688,
        51.5285550129133
      ],
      [
        -0.203061890380871,
        51.5328950499127
      ],
      [
        -0.203013026994402,
        51.5328955541319
      ],
      [
        -0.197339740607098,
        51.5278926212151
      ]
    ],
    "centroid_lng": -0.19849,
    "centroid_lat": 51.52707
  },
  "E05013796": {
    "name": "Hyde Park",
    "coords": [
      [
        -0.161605484611264,
        51.5142152930896
      ],
      [
        -0.152520650063153,
        51.503908211926
      ],
      [
        -0.171232030021368,
        51.506678024677
      ],
      [
        -0.172277695021762,
        51.5120125169756
      ],
      [
        -0.183302290419388,
        51.5184052792253
      ],
      [
        -0.184884064838934,
        51.5195336601891
      ],
      [
        -0.179966582996617,
        51.520096841802
      ],
      [
        -0.170164951316413,
        51.5199470557443
      ],
      [
        -0.165340638328598,
        51.5207664536275
      ],
      [
        -0.167446021363721,
        51.5181119575584
      ],
      [
        -0.161605484611264,
        51.5142152930896
      ]
    ],
    "centroid_lng": -0.16838,
    "centroid_lat": 51.51313
  },
  "E05013797": {
    "name": "Knightsbridge & Belgravia",
    "coords": [
      [
        -0.152520650063153,
        51.503908211926
      ],
      [
        -0.1497770176193,
        51.5032461703701
      ],
      [
        -0.144817302558352,
        51.4967227930314
      ],
      [
        -0.148307127222836,
        51.4900721871213
      ],
      [
        -0.147480980770779,
        51.4853441142791
      ],
      [
        -0.149979158603456,
        51.4854851815577
      ],
      [
        -0.150330007354558,
        51.4854385976596
      ],
      [
        -0.155778957935669,
        51.4947199124768
      ],
      [
        -0.158457848304668,
        51.5022261968961
      ],
      [
        -0.165419106384145,
        51.4986854876498
      ],
      [
        -0.179523790495782,
        51.4977811999358
      ],
      [
        -0.180311745243243,
        51.5014622342186
      ],
      [
        -0.174677579680423,
        51.5021599555592
      ],
      [
        -0.171232030021368,
        51.506678024677
      ],
      [
        -0.152520650063153,
        51.503908211926
      ]
    ],
    "centroid_lng": -0.15058,
    "centroid_lat": 51.49598
  },
  "E05013798": {
    "name": "Lancaster Gate",
    "coords": [
      [
        -0.171232030021368,
        51.506678024677
      ],
      [
        -0.174677579680423,
        51.5021599555592
      ],
      [
        -0.180311745243243,
        51.5014622342186
      ],
      [
        -0.184204941023171,
        51.5017888524153
      ],
      [
        -0.189079662133421,
        51.5101238446144
      ],
      [
        -0.189647806089451,
        51.515228958826
      ],
      [
        -0.183302290419388,
        51.5184052792253
      ],
      [
        -0.172277695021762,
        51.5120125169756
      ],
      [
        -0.171232030021368,
        51.506678024677
      ]
    ],
    "centroid_lng": -0.1801,
    "centroid_lat": 51.50945
  },
  "E05013799": {
    "name": "Little Venice",
    "coords": [
      [
        -0.176823326577593,
        51.5246262289913
      ],
      [
        -0.170164951316413,
        51.5199470557443
      ],
      [
        -0.179966582996617,
        51.520096841802
      ],
      [
        -0.189822099224315,
        51.5246966257329
      ],
      [
        -0.190296143756536,
        51.5249220431994
      ],
      [
        -0.181358550027571,
        51.5283880816246
      ],
      [
        -0.176823326577593,
        51.5246262289913
      ]
    ],
    "centroid_lng": -0.1826,
    "centroid_lat": 51.52427
  },
  "E05013800": {
    "name": "Maida Vale",
    "coords": [
      [
        -0.188722649361543,
        51.5345305083697
      ],
      [
        -0.181358550027571,
        51.5283880816246
      ],
      [
        -0.190296143756536,
        51.5249220431994
      ],
      [
        -0.19744620560205,
        51.5252450051194
      ],
      [
        -0.197339740607098,
        51.5278926212151
      ],
      [
        -0.191467608561554,
        51.5362923581516
      ],
      [
        -0.188722649361543,
        51.5345305083697
      ]
    ],
    "centroid_lng": -0.18926,
    "centroid_lat": 51.53012
  },
  "E05013801": {
    "name": "Marylebone",
    "coords": [
      [
        -0.161605484611264,
        51.5142152930896
      ],
      [
        -0.167446021363721,
        51.5181119575584
      ],
      [
        -0.165340638328598,
        51.5207664536275
      ],
      [
        -0.164319824053261,
        51.5209187222105
      ],
      [
        -0.147910486633401,
        51.5234875528059
      ],
      [
        -0.142852416464495,
        51.5173841639665
      ],
      [
        -0.161605484611264,
        51.5142152930896
      ]
    ],
    "centroid_lng": -0.15529,
    "centroid_lat": 51.51886
  },
  "E05013802": {
    "name": "Pimlico North",