{"E05013792": {"name": "Abbey Road", "coords": [[-0.175765524440825, 51.5396167232221], [-0.173911770601983, 51.5394732192807], [-0.174128478544183, 51.5382616885941], [-0.173476990559195, 51.5376463903178], [-0.17622748077307, 51.5363222170773], [-0.176089126900714, 51.5360135082354], [-0.168957647843202, 51.5301219953185], [-0.174099429303008, 51.5276636568701], [-0.171924031660546, 51.5264239656985], [-0.17402874116322, 51.5260152429405], [-0.176823326577593, 51.5246262289913], [-0.181358550027571, 51.5283880816246], [-0.188722649361543, 51.5345305083697], [-0.187821656046345, 51.5349639435007], [-0.184160670423868, 51.5382285733756], [-0.180114010393227, 51.5395649957935], [-0.178343045457858, 51.5398080687385], [-0.175765524440825, 51.5396167232221]], "centroid_lng": -0.17732, "centroid_lat": 51.53429}, "E05013793": {"name": "Bayswater", "coords": [[-0.184884064838934, 51.5195336601891], [-0.183302290419388, 51.5184052792253], [-0.182084114593642, 51.5175604924972], [-0.18834060967901, 51.5158110951082], [-0.188242545483388, 51.5154118141683], [-0.189647806089451, 51.515228958826], [-0.188551749954953, 51.5126253412299], [-0.189789181752331, 51.512438664347], [-0.189079662133421, 51.5101238446144], [-0.192123026589169, 51.5098777386719], [-0.192915313999014, 51.5118428636856], [-0.194004101884694, 51.5117006870548], [-0.195052992094996, 51.5150401067145], [-0.199171143961617, 51.5145409773787], [-0.199907498009142, 51.5168401945293], [-0.197016941798293, 51.5172585678854], [-0.197892234783469, 51.5187441407483], [-0.195093430744021, 51.5192829482761], [-0.195160440633535, 51.5205393509948], [-0.191142341122375, 51.5196869660275], [-0.184884064838934, 51.5195336601891]], "centroid_lng": -0.19135, "centroid_lat": 51.51581}, "E05013794": {"name": "Church Street", "coords": [[-0.164319824053261, 51.5209187222105], [-0.165340638328598, 51.5207664536275], [-0.170164951316413, 51.5199470557443], [-0.176823326577593, 51.5246262289913], [-0.17402874116322, 51.5260152429405], [-0.171924031660546, 51.5264239656985], [-0.169185536341394, 51.5268983709176], [-0.167333434098311, 51.5282871774623], [-0.16406787824801, 51.5254207698168], [-0.163975108003274, 51.5251847892991], [-0.165593163456155, 51.524847712306], [-0.167362714205284, 51.5240408194202], [-0.16535134366275, 51.5225112718413], [-0.164319824053261, 51.5209187222105]], "centroid_lng": -0.16784, "centroid_lat": 51.52406}, "E05013795": {"name": "Harrow Road", "coords": [[-0.197339740607098, 51.5278926212151], [-0.19744620560205, 51.5252450051194], [-0.19350440178308, 51.5264748129812], [-0.190296143756536, 51.5249220431994], [-0.189822099224315, 51.5246966257329], [-0.194611805048488, 51.5229468881701], [-0.200429414426403, 51.5238549180632], [-0.201655144902822, 51.5242810540929], [-0.201625846701851, 51.5227421489335], [-0.203953081013443, 51.5235327279873], [-0.206017430034413, 51.5258542108062], [-0.207297353929911, 51.5262345157409], [-0.20723992757096, 51.5264429646597], [-0.205466900004569, 51.5262179850801], [-0.20403887385032, 51.5254695560442], [-0.203431213161675, 51.5289655591941], [-0.201403080625688, 51.5285550129133], [-0.203061890380871, 51.5328950499127], [-0.203013026994402, 51.5328955541319], [-0.20167541569191, 51.5325599953252], [-0.201079967472329, 51.5319058552281], [-0.198174940299363, 51.5304179662177], [-0.197801829405802, 51.5278996092171], [-0.197339740607098, 51.5278926212151]], "centroid_lng": -0.20032, "centroid_lat": 51.52712}, "E05013796": {"name": "Hyde Park", "coords": [[-0.161605484611264, 51.5142152930896], [-0.15999774171245, 51.5132292263221], [-0.158391526881333, 51.5133249710646], [-0.156696750618149, 51.5103712304641], [-0.152117625608196, 51.5065389730558], [-0.151950287780365, 51.5051177828114], [-0.152520650063153, 51.503908211926], [-0.163216754326564, 51.5059420147808], [-0.169137375432457, 51.5060371742707], [-0.171232030021368, 51.506678024677], [-0.170387842296678, 51.5073834142879], [-0.17065033454105, 51.5098527186273], [-0.172737835709478, 51.5111122696516], [-0.172277695021762, 51.5120125169756], [-0.173984628532257, 51.5118404885138], [-0.176018028586576, 51.5133174901677], [-0.174715273133724, 51.5140501373626], [-0.180451803331622, 51.5179488089415], [-0.180180813015298, 51.5180780939814], [-0.183302290419388, 51.5184052792253], [-0.184884064838934, 51.5195336601891], [-0.179966582996617, 51.520096841802], [-0.170164951316413, 51.5199470557443], [-0.165340638328598, 51.5207664536275], [-0.166017386155755, 51.5192242415966], [-0.167446021363721, 51.5181119575584], [-0.161605484611264, 51.5142152930896]], "centroid_lng": -0.16841, "centroid_lat": 51.51301}, "E05013797": {"name": "Knightsbridge & Belgravia", "coords": [[-0.171232030021368, 51.506678024677], [-0.169137375432457, 51.5060371742707], [-0.163216754326564, 51.5059420147808], [-0.152520650063153, 51.503908211926], [-0.152211331168562, 51.5030525394619], [-0.1497770176193, 51.5032461703701], [-0.149957062033216, 51.5024648903647], [-0.151660244124361, 51.5018946188204], [-0.148380854110723, 51.4996540636522], [-0.146283401365048, 51.4972342298428], [-0.144817302558352, 51.4967227930314], [-0.147807722291891, 51.4925250058932], [-0.149776703975547, 51.4907714554159], [-0.148307127222836, 51.4900721871213], [-0.148330025566361, 51.4887535871702], [-0.147353214424086, 51.4864311718265], [-0.147353632595893, 51.4856297274707], [-0.148996641409196, 51.4855429704055], [-0.149069825202255, 51.4862077858986], [-0.149694758889763, 51.4861056884424], [-0.149215697877333, 51.4855221474009], [-0.149982777183601, 51.4854678755575], [-0.150023717166176, 51.4854624432207], [-0.150160100799982, 51.4860367426476], [-0.155834442321332, 51.4896139833739], [-0.155169196968643, 51.4900390378154], [-0.155800936370808, 51.4914645586075], [-0.154742871175929, 51.4919711717561], [-0.155962988061772, 51.4932005305742], [-0.154973307336501, 51.4938262892371], [-0.155978849547772, 51.4944629954911], [-0.155778957935669, 51.4947199124768], [-0.155248805698977, 51.4950540493716], [-0.156056937706088, 51.4977756229234], [-0.157872281859908, 51.4990035349136], [-0.158457848304668, 51.5022261968961], [-0.160900957801054, 51.5016769308879], [-0.162645857685283, 51.5002297524341], [-0.165419106384145, 51.4986854876498], [-0.165718041043788, 51.4992190700843], [-0.167578430986111, 51.4982804215346], [-0.168149601678426, 51.4990332262627], [-0.173418772260889, 51.4982311819805], [-0.179523790495782, 51.4977811999358], [-0.180311745243243, 51.5014622342186], [-0.180360441972785, 51.501778789106], [-0.174677579680423, 51.5021599555592], [-0.174550463411965, 51.5033369293705], [-0.172977113728342, 51.5058321297578], [-0.172180252934044, 51.5067726050034], [-0.171232030021368, 51.506678024677]], "centroid_lng": -0.15837, "centroid_lat": 51.49639}, "E05013798": {"name": "Lancaster Gate", "coords": [[-0.171232030021368, 51.506678024677], [-0.172180252934044, 51.5067726050034], [-0.172977113728342, 51.5058321297578], [-0.174550463411965, 51.5033369293705], [-0.174677579680423, 51.5021599555592], [-0.180360441972785, 51.501778789106], [-0.180311745243243, 51.5014622342186], [-0.184204941023171, 51.5017888524153], [-0.187859378088, 51.5101947167436], [-0.189079662133421, 51.5101238446144], [-0.189789181752331, 51.512438664347], [-0.188551749954953, 51.5126253412299], [-0.189647806089451, 51.515228958826], [-0.188242545483388, 51.5154118141683], [-0.18834060967901, 51.5158110951082], [-0.182084114593642, 51.5175604924972], [-0.183302290419388, 51.5184052792253], [-0.180180813015298, 51.5180780939814], [-0.180451803331622, 51.5179488089415], [-0.174715273133724, 51.5140501373626], [-0.176018028586576, 51.5133174901677], [-0.173984628532257, 51.5118404885138], [-0.172277695021762, 51.5120125169756], [-0.172737835709478, 51.5111122696516], [-0.17065033454105, 51.5098527186273], [-0.170387842296678, 51.5073834142879], [-0.171232030021368, 51.506678024677]], "centroid_lng": -0.17926, "centroid_lat": 51.51037},